[{"@type":"dssTask","id":"@1","name":"ST_TASK_ORDER","description":"ST_TASK_ORDER","maxLogs":10,"sourceConnectionId":"@aoEXhKXYVO1bTbplJQ2NWQ","targetConnectionId":"@1fvvxNfQ3sne9jA6028OeU","targetObject":"ORDERS","targetObjectLabel":"ORDERS","operation":"Insert","maxRows":0,"truncateTarget":true,"bulkApiDBTarget":false,"verbose":false,"targetMetadataUpdated":false,"modelVersion":"V3-R600","queryAll":false,"srcSettings":{"@type":"taskDataSourceSetting","isShowLabels":false,"isNaturalOrder":true},"tgtSettings":{"@type":"taskDataSourceSetting","isShowLabels":false,"isNaturalOrder":true},"cfSettings":{"@type":"taskDataSourceSetting","isShowLabels":false,"isNaturalOrder":false},"bulkApi":false,"bulkApiSerialMode":false,"bulkApiMonitor":false,"isTargetObjectSfCustom":false,"allowNullUpdates":false,"targetBatchSize":200,"assignmentRuleId":"-1","assignmentRuleType":"None","createSuccessFile":false,"bulkApiHardDelete":false,"srcRuntimeAttrs":{"@type":"taskRuntimeAttrs","attrs":{}},"tgtRuntimeAttrs":{"@type":"taskRuntimeAttrs","attrs":{}},"parameterFileEncoding":"UTF-8","sourceObjects":[{"@type":"mObject","name":"orders","label":"orders","metadataUpdated":false,"relations":[],"children":[]}],"advancedFilters":[],"filters":[],"fieldMaps":[{"@type":"fieldMap","id":"28784692","targetField":{"@type":"field","id":83187319,"name":"ORD_NUM","type":"decimal","uniqueName":"ORD_NUM","label":"ORD_NUM","parentObject":"ORDERS","pcType":"HIPRECDECIMAL","precision":6,"scale":0,"columnIndex":0,"isKey":false,"isExternalId":false,"isSfIdLookup":false,"isNullable":true,"isUnique":false,"isCreateable":false,"isUpdateable":true,"isFilterable":true,"isCalculated":false,"showLabel":false,"naturalOrder":0,"linkedFields":["ORD_NUM"],"relatedInfos":[],"references":[]},"expression":"ORD_NUM"},{"@type":"fieldMap","id":"28784695","targetField":{"@type":"field","id":83187322,"name":"ORD_AMOUNT","type":"decimal","uniqueName":"ORD_AMOUNT","label":"ORD_AMOUNT","parentObject":"ORDERS","pcType":"HIPRECDECIMAL","precision":12,"scale":2,"columnIndex":1,"isKey":false,"isExternalId":false,"isSfIdLookup":false,"isNullable":true,"isUnique":false,"isCreateable":false,"isUpdateable":true,"isFilterable":true,"isCalculated":false,"showLabel":false,"naturalOrder":1,"linkedFields":["ORD_AMOUNT"],"relatedInfos":[],"references":[]},"expression":"ORD_AMOUNT"},{"@type":"fieldMap","id":"28784698","targetField":{"@type":"field","id":83187325,"name":"ADVANCE_AMOUNT","type":"decimal","uniqueName":"ADVANCE_AMOUNT","label":"ADVANCE_AMOUNT","parentObject":"ORDERS","pcType":"HIPRECDECIMAL","precision":12,"scale":2,"columnIndex":2,"isKey":false,"isExternalId":false,"isSfIdLookup":false,"isNullable":true,"isUnique":false,"isCreateable":false,"isUpdateable":true,"isFilterable":true,"isCalculated":false,"showLabel":false,"naturalOrder":2,"linkedFields":["ADVANCE_AMOUNT"],"relatedInfos":[],"references":[]},"expression":"ADVANCE_AMOUNT"},{"@type":"fieldMap","id":"28784701","targetField":{"@type":"field","id":83187328,"name":"ORD_DATE","type":"timestamp","uniqueName":"ORD_DATE","label":"ORD_DATE","parentObject":"ORDERS","pcType":"DATE","precision":23,"scale":3,"columnIndex":3,"isKey":false,"isExternalId":false,"isSfIdLookup":false,"isNullable":true,"isUnique":false,"isCreateable":false,"isUpdateable":true,"isFilterable":true,"isCalculated":false,"showLabel":false,"naturalOrder":3,"linkedFields":["ORD_DATE"],"relatedInfos":[],"references":[]},"expression":"ORD_DATE"},{"@type":"fieldMap","id":"28784704","targetField":{"@type":"field","id":83187331,"name":"CUST_CODE","type":"varchar","uniqueName":"CUST_CODE","label":"CUST_CODE","parentObject":"ORDERS","pcType":"STRING","precision":6,"scale":0,"columnIndex":4,"isKey":false,"isExternalId":false,"isSfIdLookup":false,"isNullable":true,"isUnique":false,"isCreateable":false,"isUpdateable":true,"isFilterable":true,"isCalculated":false,"showLabel":false,"naturalOrder":4,"linkedFields":["CUST_CODE"],"relatedInfos":[],"references":[]},"expression":"CUST_CODE"},{"@type":"fieldMap","id":"28784707","targetField":{"@type":"field","id":83187334,"name":"AGENT_CODE","type":"varchar","uniqueName":"AGENT_CODE","label":"AGENT_CODE","parentObject":"ORDERS","pcType":"STRING","precision":6,"scale":0,"columnIndex":5,"isKey":false,"isExternalId":false,"isSfIdLookup":false,"isNullable":true,"isUnique":false,"isCreateable":false,"isUpdateable":true,"isFilterable":true,"isCalculated":false,"showLabel":false,"naturalOrder":5,"linkedFields":["AGENT_CODE"],"relatedInfos":[],"references":[]},"expression":"AGENT_CODE"},{"@type":"fieldMap","id":"28784710","targetField":{"@type":"field","id":83187337,"name":"ORD_DESCRIPTION","type":"varchar","uniqueName":"ORD_DESCRIPTION","label":"ORD_DESCRIPTION","parentObject":"ORDERS","pcType":"STRING","precision":60,"scale":0,"columnIndex":6,"isKey":false,"isExternalId":false,"isSfIdLookup":false,"isNullable":true,"isUnique":false,"isCreateable":false,"isUpdateable":true,"isFilterable":true,"isCalculated":false,"showLabel":false,"naturalOrder":6,"linkedFields":["ORD_DESCRIPTION"],"relatedInfos":[],"references":[]},"expression":"ORD_DESCRIPTION"}],"sourceFields":[{"@type":"field","id":83187340,"name":"ORD_NUM","type":"decimal","uniqueName":"ORD_NUM","label":"ORD_NUM","parentObject":"orders","pcType":"HIPRECDECIMAL","precision":6,"scale":0,"columnIndex":0,"isKey":false,"isExternalId":false,"isSfIdLookup":false,"isNullable":false,"isUnique":false,"isCreateable":false,"isUpdateable":true,"isFilterable":true,"isCalculated":false,"showLabel":false,"naturalOrder":0,"linkedFields":["ORD_NUM"],"relatedInfos":[],"references":[]},{"@type":"field","id":83187343,"name":"ORD_AMOUNT","type":"decimal","uniqueName":"ORD_AMOUNT","label":"ORD_AMOUNT","parentObject":"orders","pcType":"HIPRECDECIMAL","precision":12,"scale":2,"columnIndex":1,"isKey":false,"isExternalId":false,"isSfIdLookup":false,"isNullable":false,"isUnique":false,"isCreateable":false,"isUpdateable":true,"isFilterable":true,"isCalculated":false,"showLabel":false,"naturalOrder":1,"linkedFields":["ORD_AMOUNT"],"relatedInfos":[],"references":[]},{"@type":"field","id":83187346,"name":"ADVANCE_AMOUNT","type":"decimal","uniqueName":"ADVANCE_AMOUNT","label":"ADVANCE_AMOUNT","parentObject":"orders","pcType":"HIPRECDECIMAL","precision":12,"scale":2,"columnIndex":2,"isKey":false,"isExternalId":false,"isSfIdLookup":false,"isNullable":false,"isUnique":false,"isCreateable":false,"isUpdateable":true,"isFilterable":true,"isCalculated":false,"showLabel":false,"naturalOrder":2,"linkedFields":["ADVANCE_AMOUNT"],"relatedInfos":[],"references":[]},{"@type":"field","id":83187349,"name":"ORD_DATE","type":"timestamp","uniqueName":"ORD_DATE","label":"ORD_DATE","parentObject":"orders","pcType":"DATE","precision":23,"scale":3,"columnIndex":3,"isKey":false,"isExternalId":false,"isSfIdLookup":false,"isNullable":false,"isUnique":false,"isCreateable":false,"isUpdateable":true,"isFilterable":true,"isCalculated":false,"showLabel":false,"naturalOrder":3,"linkedFields":["ORD_DATE"],"relatedInfos":[],"references":[]},{"@type":"field","id":83187352,"name":"CUST_CODE","type":"varchar","uniqueName":"CUST_CODE","label":"CUST_CODE","parentObject":"orders","pcType":"STRING","precision":6,"scale":0,"columnIndex":4,"isKey":false,"isExternalId":false,"isSfIdLookup":false,"isNullable":false,"isUnique":false,"isCreateable":false,"isUpdateable":true,"isFilterable":true,"isCalculated":false,"showLabel":false,"naturalOrder":4,"linkedFields":["CUST_CODE"],"relatedInfos":[],"references":[]},{"@type":"field","id":83187355,"name":"AGENT_CODE","type":"varchar","uniqueName":"AGENT_CODE","label":"AGENT_CODE","parentObject":"orders","pcType":"STRING","precision":6,"scale":0,"columnIndex":5,"isKey":false,"isExternalId":false,"isSfIdLookup":false,"isNullable":false,"isUnique":false,"isCreateable":false,"isUpdateable":true,"isFilterable":true,"isCalculated":false,"showLabel":false,"naturalOrder":5,"linkedFields":["AGENT_CODE"],"relatedInfos":[],"references":[]},{"@type":"field","id":83187358,"name":"ORD_DESCRIPTION","type":"varchar","uniqueName":"ORD_DESCRIPTION","label":"ORD_DESCRIPTION","parentObject":"orders","pcType":"STRING","precision":60,"scale":0,"columnIndex":6,"isKey":false,"isExternalId":false,"isSfIdLookup":false,"isNullable":false,"isUnique":false,"isCreateable":false,"isUpdateable":true,"isFilterable":true,"isCalculated":false,"showLabel":false,"naturalOrder":6,"linkedFields":["ORD_DESCRIPTION"],"relatedInfos":[],"references":[]}],"sortFields":[],"groupFields":[]}]