[{"@type":"mappingTemplate","id":"@1","name":"mp_ORDERS_SYNC_3","description":"","bundleVersion":"0","templateId":"@3","deployTime":1605168564000,"hasParameters":false,"valid":true,"fixedConnection":true,"hasParametersDeployed":false,"fixedConnectionDeployed":true,"tasks":1,"mappingPreviewFileRecordId":"@2","documentType":"MAPPING","references":[{"@type":"reference","refObjectId":"@aoEXhKXYVO1bTbplJQ2NWQ","refType":"connection"},{"@type":"reference","refObjectId":"@1fvvxNfQ3sne9jA6028OeU","refType":"connection"}]}]